"[1] ""Patient.ID""",N/A
"[2] ""F1_DT_POSTCON..T11.0.05.T12.0.5.""",Combining Tumor and FGT Enhancement
"[3] ""F1_DT_POSTCON..T11.0.05.T12.0.1.""",Combining Tumor and FGT Enhancement
"[4] ""F1_DT_POSTCON..T11.0.02.T12.0.5.""",Combining Tumor and FGT Enhancement
"[5] ""F1_DT_POSTCON..T11.0.02.T12.0.8.""",Combining Tumor and FGT Enhancement
"[6] ""F1_DT_POSTCON..T11.0.05.T12.0.8.""",Combining Tumor and FGT Enhancement
"[7] ""F1_DT_POSTCON..T11.0.1.T12.0.5.""",Combining Tumor and FGT Enhancement
"[8] ""F1_DT_POSTCON..T11.0.1.T12.0.8.""",Combining Tumor and FGT Enhancement
"[9] ""F1_DT_POSTCON..T11.0.2.T12.0.5.""",Combining Tumor and FGT Enhancement
"[10] ""F1_DT_POSTCON..T11.0.2.T12.0.8.""",Combining Tumor and FGT Enhancement
"[11] ""F1_DT_T1NFS..T11.0.05.T12.0.5.""",Combining Tumor and FGT Enhancement
"[12] ""F1_DT_T1NFS.T11.0.05.T12.0.1.""",Combining Tumor and FGT Enhancement
"[13] ""F1_DT_T1NFS..T11.0.02.T12.0.5.""",Combining Tumor and FGT Enhancement
"[14] ""F1_DT_T1NFS..T11.0.02.T12.0.8.""",Combining Tumor and FGT Enhancement
"[15] ""F1_DT_T1NFS..T11.0.05.T12.0.8.""",Combining Tumor and FGT Enhancement
"[16] ""F1_DT_T1NFS..T11.0.1.T12.0.5.""",Combining Tumor and FGT Enhancement
"[17] ""F1_DT_T1NFS..T11.0.1.T12.0.8.""",Combining Tumor and FGT Enhancement
"[18] ""F1_DT_T1NFS..T11.0.2.T12.0.5.""",Combining Tumor and FGT Enhancement
"[19] ""F1_DT_T1NFS..T11.0.2.T12.0.8.""",Combining Tumor and FGT Enhancement
"[20] ""TumorMajorAxisLength_mm""",Tumor Size and Morphology
"[21] ""BEVR_Tumor""",Tumor Size and Morphology
"[22] ""BEDR1_Tumor""",Tumor Size and Morphology
"[23] ""BEDR2_Tumor""",Tumor Size and Morphology
"[24] ""MF_Tumor""",Tumor Size and Morphology
"[25] ""ASD_Tumor""",Tumor Size and Morphology
"[26] ""Volume_cu_mm_Tumor""",Tumor Size and Morphology
"[27] ""Autocorrelation_Tumor""",Tumor Enhancement Texture
"[28] ""Contrast_Tumor""",Tumor Enhancement Texture
"[29] ""Correlation1_Tumor""",Tumor Enhancement Texture
"[30] ""Correlation2_Tumor""",Tumor Enhancement Texture
"[31] ""Cluster_Prominence_Tumor""",Tumor Enhancement Texture
"[32] ""Cluster_Shade_Tumor""",Tumor Enhancement Texture
"[33] ""Dissimilarity_Tumor""",Tumor Enhancement Texture
"[34] ""Energy_Tumor""",Tumor Enhancement Texture
"[35] ""Entropy_Tumor""",Tumor Enhancement Texture
"[36] ""Homogeneity1_Tumor""",Tumor Enhancement Texture
"[37] ""Homogeneity2_Tumor""",Tumor Enhancement Texture
"[38] ""Max_probability_Tumor""",Tumor Enhancement Texture
"[39] ""Sum_of_squares_variance_Tumor""",Tumor Enhancement Texture
"[40] ""Sum_avg_Tumor""",Tumor Enhancement Texture
"[41] ""Sum_variance_Tumor""",Tumor Enhancement Texture
"[42] ""Sum_entropy_Tumor""",Tumor Enhancement Texture
"[43] ""Diff_entropy_Tumor""",Tumor Enhancement Texture
"[44] ""Inf_mea_of_corr1_Tumor""",Tumor Enhancement Texture
"[45] ""Inf_mea_of_corr2_Tumor""",Tumor Enhancement Texture
"[46] ""Inv_Diff_homo_Tumor""",Tumor Enhancement Texture
"[47] ""Inv_Diff_normalized_Tumor""",Tumor Enhancement Texture
"[48] ""Inv_diff_moment_normalized_Tumor""",Tumor Enhancement Texture
"[49] ""Median_solidity_Tumor""",Tumor Size and Morphology
"[50] ""Median_Elongation_Tumor""",Tumor Size and Morphology
"[51] ""Median_Euler_No_Tumor""",Tumor Size and Morphology
"[52] ""Max_Enhancement_from_char_curv""",Tumor Enhancement Variation
"[53] ""Time_to_Peak_from_char_curv""",Tumor Enhancement Variation
"[54] ""Uptake_rate_from_char_curv""",Tumor Enhancement Variation
"[55] ""Washout_rate_from_char_curv""",Tumor Enhancement Variation
"[56] ""BreastVol""",Breast and FGT Volume Features
"[57] ""tissueVol_T1""",Breast and FGT Volume Features
"[58] ""Ratio_Tissue_vol_enhancing_more_than_0percent_from_T1_to_Breast_Vol""",FGT Enhancement
"[59] ""Ratio_Tissue_vol_enhancing_more_than_10percent_from_T1_to_Breast_Vol""",FGT Enhancement
"[60] ""Ratio_Tissue_vol_enhancing_more_than_20percent_from_T1_to_Breast_Vol""",FGT Enhancement
"[61] ""Ratio_Tissue_vol_enhancing_more_than_30percent_from_T1_to_Breast_Vol""",FGT Enhancement
"[62] ""Ratio_Tissue_vol_enhancing_more_than_40percent_from_T1_to_Breast_Vol""",FGT Enhancement
"[63] ""Ratio_Tissue_vol_enhancing_more_than_50percent_from_T1_to_Breast_Vol""",FGT Enhancement
"[64] ""Ratio_Tissue_vol_enhancing_more_than_60percent_from_T1_to_Breast_Vol""",FGT Enhancement
"[65] ""Ratio_Tissue_vol_enhancing_more_than_70percent_from_T1_to_Breast_Vol""",FGT Enhancement
"[66] ""Ratio_Tissue_vol_enhancing_more_than_80percent_from_T1_to_Breast_Vol""",FGT Enhancement
"[67] ""Ratio_Tissue_vol_enhancing_more_than_90percent_from_T1_to_Breast_Vol""",FGT Enhancement
"[68] ""Ratio_Tissue_vol_enhancing_more_than_100percent_from_T1_to_Breast_Vol""",FGT Enhancement
"[69] ""Ratio_Tissue_vol_enhancing_more_than_0percent_from_T1_to_Tissue_Vol""",FGT Enhancement
"[70] ""Ratio_Tissue_vol_enhancing_more_than_10percent_from_T1_to_Tissue_Vol""",FGT Enhancement
"[71] ""Ratio_Tissue_vol_enhancing_more_than_20percent_from_T1_to_Tissue_Vol""",FGT Enhancement
"[72] ""Ratio_Tissue_vol_enhancing_more_than_30percent_from_T1_to_Tissue_Vol""",FGT Enhancement
"[73] ""Ratio_Tissue_vol_enhancing_more_than_40percent_from_T1_to_Tissue_Vol""",FGT Enhancement
"[74] ""Ratio_Tissue_vol_enhancing_more_than_50percent_from_T1_to_Tissue_Vol""",FGT Enhancement
"[75] ""Ratio_Tissue_vol_enhancing_more_than_60percent_from_T1_to_Tissue_Vol""",FGT Enhancement
"[76] ""Ratio_Tissue_vol_enhancing_more_than_70percent_from_T1_to_Tissue_Vol""",FGT Enhancement
"[77] ""Ratio_Tissue_vol_enhancing_more_than_80percent_from_T1_to_Tissue_Vol""",FGT Enhancement
"[78] ""Ratio_Tissue_vol_enhancing_more_than_90percent_from_T1_to_Tissue_Vol""",FGT Enhancement
"[79] ""Ratio_Tissue_vol_enhancing_more_than_100percent_from_T1_to_Tissue_Vol""",FGT Enhancement
"[80] ""breastDensity_T1""",Breast and FGT Volume Features
"[81] ""tissueVol_PostCon""",Breast and FGT Volume Features
"[82] ""Ratio_Tissue_vol_enhancing_more_than_0percent_from_PostCon_to_Breast_Vol""",FGT Enhancement
"[83] ""Ratio_Tissue_vol_enhancing_more_than_10percent_from_PostCon_to_Breast_Vol""",FGT Enhancement
"[84] ""Ratio_Tissue_vol_enhancing_more_than_20percent_from_PostCon_to_Breast_Vol""",FGT Enhancement
"[85] ""Ratio_Tissue_vol_enhancing_more_than_30percent_from_PostCon_to_Breast_Vol""",FGT Enhancement
"[86] ""Ratio_Tissue_vol_enhancing_more_than_40percent_from_PostCon_to_Breast_Vol""",FGT Enhancement
"[87] ""Ratio_Tissue_vol_enhancing_more_than_50percent_from_PostCon_to_Breast_Vol""",FGT Enhancement
"[88] ""Ratio_Tissue_vol_enhancing_more_than_60percent_from_PostCon_to_Breast_Vol""",FGT Enhancement
"[89] ""Ratio_Tissue_vol_enhancing_more_than_70percent_from_PostCon_to_Breast_Vol""",FGT Enhancement
"[90] ""Ratio_Tissue_vol_enhancing_more_than_80percent_from_PostCon_to_Breast_Vol""",FGT Enhancement
"[91] ""Ratio_Tissue_vol_enhancing_more_than_90percent_from_PostCon_to_Breast_Vol""",FGT Enhancement
"[92] ""Ratio_Tissue_vol_enhancing_more_than_100percent_from_PostCon_to_Breast_Vol""",FGT Enhancement
"[93] ""Ratio_Tissue_vol_enhancing_more_than_0percent_from_PostCon_to_Tissue_Vol""",FGT Enhancement
"[94] ""Ratio_Tissue_vol_enhancing_more_than_10percent_from_PostCon_to_Tissue_Vol""",FGT Enhancement
"[95] ""Ratio_Tissue_vol_enhancing_more_than_20percent_from_PostCon_to_Tissue_Vol""",FGT Enhancement
"[96] ""Ratio_Tissue_vol_enhancing_more_than_30percent_from_PostCon_to_Tissue_Vol""",FGT Enhancement
"[97] ""Ratio_Tissue_vol_enhancing_more_than_40percent_from_PostCon_to_Tissue_Vol""",FGT Enhancement
"[98] ""Ratio_Tissue_vol_enhancing_more_than_50percent_from_PostCon_to_Tissue_Vol""",FGT Enhancement
"[99] ""Ratio_Tissue_vol_enhancing_more_than_60percent_from_PostCon_to_Tissue_Vol""",FGT Enhancement
"[100] ""Ratio_Tissue_vol_enhancing_more_than_70percent_from_PostCon_to_Tissue_Vol""",FGT Enhancement
"[101] ""Ratio_Tissue_vol_enhancing_more_than_80percent_from_PostCon_to_Tissue_Vol""",FGT Enhancement
"[102] ""Ratio_Tissue_vol_enhancing_more_than_90percent_from_PostCon_to_Tissue_Vol""",FGT Enhancement
"[103] ""Ratio_Tissue_vol_enhancing_more_than_100percent_from_PostCon_to_Tissue_Vol""",FGT Enhancement
"[104] ""breastDensity_PostCon""",Breast and FGT Volume Features
"[105] ""Maximum_variance_of_enhancement_Tumor""",Tumor Enhancement Variation
"[106] ""Peak_location_of_enhancement_variance_dynamics_Tumor""",Tumor Enhancement Variation
"[107] ""Enhancement_variance_increasing_rate_Tumor""",Tumor Enhancement Variation
"[108] ""Enhancement_variance_decreasing_rate_Tumor""",Tumor Enhancement Variation
"[109] ""Grouping_based_mean_of_peak_enhancement_slope_3D_tumor_Group_1""",Tumor Enhancement
"[110] ""Grouping_based_mean_of_peak_enhancement_slope_3D_tumor_Group_2""",Tumor Enhancement
"[111] ""Grouping_based_mean_of_peak_enhancement_slope_3D_tumor_Group_3""",Tumor Enhancement
"[112] ""Grouping_based_variance_of_peak_enhancement_slope_3D_tumor_Group_1""",Tumor Enhancement Variation
"[113] ""Grouping_based_variance_of_peak_enhancement_slope_3D_tumor_Group_2""",Tumor Enhancement Variation
"[114] ""Grouping_based_variance_of_peak_enhancement_slope_3D_tumor_Group_3""",Tumor Enhancement Variation
"[115] ""Grouping_based_mean_of_washin_slope_3D_tumor_Group_1""",Tumor Enhancement
"[116] ""Grouping_based_mean_of_washin_slope_3D_tumor_Group_2""",Tumor Enhancement
"[117] ""Grouping_based_mean_of_washin_slope_3D_tumor_Group_3""",Tumor Enhancement
"[118] ""Grouping_based_variance_of_washin_slope_3D_tumor_Group_1""",Tumor Enhancement Variation
"[119] ""Grouping_based_variance_of_washin_slope_3D_tumor_Group_2""",Tumor Enhancement Variation
"[120] ""Grouping_based_variance_of_washin_slope_3D_tumor_Group_3""",Tumor Enhancement Variation
"[121] ""Grouping_based_mean_of_washout_slope_3D_tumor_Group_1""",Tumor Enhancement
"[122] ""Grouping_based_mean_of_washout_slope_3D_tumor_Group_2""",Tumor Enhancement
"[123] ""Grouping_based_variance_of_washout_slope_3D_tumor_Group_1""",Tumor Enhancement Variation
"[124] ""Grouping_based_variance_of_washout_slope_3D_tumor_Group_2""",Tumor Enhancement Variation
"[125] ""Grouping_based_proportion_of_tumor_voxels_3D_tumor_Group_1""",Tumor Enhancement
"[126] ""Grouping_based_proportion_of_tumor_voxels_3D_tumor_Group_2""",Tumor Enhancement
"[127] ""Grouping_based_proportion_of_tumor_voxels_3D_tumor_Group_3""",Tumor Enhancement
"[128] ""Grouping_based_mean_of_peak_enhancement_slope_2D_tumorSlice_Group_1""",Tumor Enhancement
"[129] ""Grouping_based_mean_of_peak_enhancement_slope_2D_tumorSlice_Group_2""",Tumor Enhancement
"[130] ""Grouping_based_mean_of_peak_enhancement_slope_2D_tumorSlice_Group_3""",Tumor Enhancement
"[131] ""Grouping_based_variance_of_peak_enhancement_slope_2D_tumorSlice_Group_1""",Tumor Enhancement Variation
"[132] ""Grouping_based_variance_of_peak_enhancement_slope_2D_tumorSlice_Group_2""",Tumor Enhancement Variation
"[133] ""Grouping_based_variance_of_peak_enhancement_slope_2D_tumorSlice_Group_3""",Tumor Enhancement Variation
"[134] ""Grouping_based_mean_of_washin_slope_2D_tumorSlice_Group_1""",Tumor Enhancement
"[135] ""Grouping_based_mean_of_washin_slope_2D_tumorSlice_Group_2""",Tumor Enhancement
"[136] ""Grouping_based_mean_of_washin_slope_2D_tumorSlice_Group_3""",Tumor Enhancement
"[137] ""Grouping_based_variance_of_washin_slope_2D_tumorSlice_Group_1""",Tumor Enhancement Variation
"[138] ""Grouping_based_variance_of_washin_slope_2D_tumorSlice_Group_2""",Tumor Enhancement Variation
"[139] ""Grouping_based_variance_of_washin_slope_2D_tumorSlice_Group_3""",Tumor Enhancement Variation
"[140] ""Grouping_based_mean_of_washout_slope_2D_tumorSlice_Group_1""",Tumor Enhancement
"[141] ""Grouping_based_mean_of_washout_slope_2D_tumorSlice_Group_2""",Tumor Enhancement
"[142] ""Grouping_based_variance_of_washout_slope_2D_tumorSlice_Group_1""",Tumor Enhancement Variation
"[143] ""Grouping_based_variance_of_washout_slope_2D_tumorSlice_Group_2""",Tumor Enhancement Variation
"[144] ""Grouping_based_proportion_of_tumor_voxels_2D_tumorSlice_Group_1""",Tumor Enhancement
"[145] ""Grouping_based_proportion_of_tumor_voxels_2D_tumorSlice_Group_2""",Tumor Enhancement
"[146] ""Grouping_based_proportion_of_tumor_voxels_2D_tumorSlice_Group_3""",Tumor Enhancement
"[147] ""Grouping_based_mean_of_peak_enhancement_slope_3D_tissue_T1_Group_1""",FGT Enhancement
"[148] ""Grouping_based_mean_of_peak_enhancement_slope_3D_tissue_T1_Group_2""",FGT Enhancement
"[149] ""Grouping_based_mean_of_peak_enhancement_slope_3D_tissue_T1_Group_3""",FGT Enhancement
"[150] ""Grouping_based_variance_of_peak_enhancement_slope_3D_tissue_T1_Group_1""",FGT Enhancement Variation
"[151] ""Grouping_based_variance_of_peak_enhancement_slope_3D_tissue_T1_Group_2""",FGT Enhancement Variation
"[152] ""Grouping_based_variance_of_peak_enhancement_slope_3D_tissue_T1_Group_3""",FGT Enhancement Variation
"[153] ""Grouping_based_mean_of_washin_slope_3D_tissue_T1_Group_1""",FGT Enhancement
"[154] ""Grouping_based_mean_of_washin_slope_3D_tissue_T1_Group_2""",FGT Enhancement
"[155] ""Grouping_based_mean_of_washin_slope_3D_tissue_T1_Group_3""",FGT Enhancement
"[156] ""Grouping_based_variance_of_washin_slope_3D_tissue_T1_Group_1""",FGT Enhancement Variation
"[157] ""Grouping_based_variance_of_washin_slope_3D_tissue_T1_Group_2""",FGT Enhancement Variation
"[158] ""Grouping_based_variance_of_washin_slope_3D_tissue_T1_Group_3""",FGT Enhancement Variation
"[159] ""Grouping_based_mean_of_washout_slope_3D_tissue_T1_Group_1""",FGT Enhancement
"[160] ""Grouping_based_mean_of_washout_slope_3D_tissue_T1_Group_2""",FGT Enhancement
"[161] ""Grouping_based_variance_of_washout_slope_3D_tissue_T1_Group_1""",FGT Enhancement Variation
"[162] ""Grouping_based_variance_of_washout_slope_3D_tissue_T1_Group_2""",FGT Enhancement Variation
"[163] ""Grouping_based_proportion_of_3D_tissue_T1_Group_1""",FGT Enhancement
"[164] ""Grouping_based_proportion_of_3D_tissue_T1_Group_2""",FGT Enhancement
"[165] ""Grouping_based_proportion_of_3D_tissue_T1_Group_3""",FGT Enhancement
"[166] ""Grouping_based_mean_of_peak_enhancement_slope_3D_tissue_PostCon_Group_1""",FGT Enhancement
"[167] ""Grouping_based_mean_of_peak_enhancement_slope_3D_tissue_PostCon_Group_2""",FGT Enhancement
"[168] ""Grouping_based_mean_of_peak_enhancement_slope_3D_tissue_PostCon_Group_3""",FGT Enhancement
"[169] ""Grouping_based_variance_of_peak_enhancement_slope_3D_tissue_PostCon_Group_1""",FGT Enhancement Variation
"[170] ""Grouping_based_variance_of_peak_enhancement_slope_3D_tissue_PostCon_Group_2""",FGT Enhancement Variation
"[171] ""Grouping_based_variance_of_peak_enhancement_slope_3D_tissue_PostCon_Group_3""",FGT Enhancement Variation
"[172] ""Grouping_based_mean_of_washin_slope_3D_tissue_PostCon_Group_1""",FGT Enhancement
"[173] ""Grouping_based_mean_of_washin_slope_3D_tissue_PostCon_Group_2""",FGT Enhancement
"[174] ""Grouping_based_mean_of_washin_slope_3D_tissue_PostCon_Group_3""",FGT Enhancement
"[175] ""Grouping_based_variance_of_washin_slope_3D_tissue_PostCon_Group_1""",FGT Enhancement Variation
"[176] ""Grouping_based_variance_of_washin_slope_3D_tissue_PostCon_Group_2""",FGT Enhancement Variation
"[177] ""Grouping_based_variance_of_washin_slope_3D_tissue_PostCon_Group_3""",FGT Enhancement Variation
"[178] ""Grouping_based_mean_of_washout_slope_3D_tissue_PostCon_Group_1""",FGT Enhancement
"[179] ""Grouping_based_mean_of_washout_slope_3D_tissue_PostCon_Group_2""",FGT Enhancement
"[180] ""Grouping_based_variance_of_washout_slope_3D_tissue_PostCon_Group_1""",FGT Enhancement Variation
"[181] ""Grouping_based_variance_of_washout_slope_3D_tissue_PostCon_Group_2""",FGT Enhancement Variation
"[182] ""Grouping_based_proportion_of_3D_tissue_PostCon_Group_1""",FGT Enhancement
"[183] ""Grouping_based_proportion_of_3D_tissue_PostCon_Group_2""",FGT Enhancement
"[184] ""Grouping_based_proportion_of_3D_tissue_PostCon_Group_3""",FGT Enhancement
"[185] ""globalMoransIEnhancementVarianceMap_Tumor""",Tumor Enhancement Spatial Heterogeneity
"[186] ""globalMoransISERMap_Tumor""",Tumor Enhancement Spatial Heterogeneity
"[187] ""EnhancementClusterNeighborhoodSimilarity_Tumor""",Tumor Enhancement Spatial Heterogeneity
"[188] ""EnhancementClusterDiscontinuity_Tumor""",Tumor Enhancement Spatial Heterogeneity
"[189] ""X1st_DFT_CoeffMap_Momment_Invariant_1_3D_tumor""",Tumor Enhancement Texture
"[190] ""X1st_DFT_CoeffMap_Momment_Invariant_2_3D_tumor""",Tumor Enhancement Texture
"[191] ""X1st_DFT_CoeffMap_Momment_Invariant_3_3D_tumor""",Tumor Enhancement Texture
"[192] ""X1st_DFT_CoeffMap_Momment_Invariant_4_3D_tumor""",Tumor Enhancement Texture
"[193] ""X1st_DFT_CoeffMap_Momment_Invariant_5_3D_tumor""",Tumor Enhancement Texture
"[194] ""X1st_DFT_CoeffMap_Momment_Invariant_6_3D_tumor""",Tumor Enhancement Texture
"[195] ""X1st_DFT_CoeffMap_Momment_Invariant_7_3D_tumor""",Tumor Enhancement Texture
"[196] ""X2nd_DFT_CoeffMap_Momment_Invariant_1_3D_tumor""",Tumor Enhancement Texture
"[197] ""X2nd_DFT_CoeffMap_Momment_Invariant_2_3D_tumor""",Tumor Enhancement Texture
"[198] ""X2nd_DFT_CoeffMap_Momment_Invariant_3_3D_tumor""",Tumor Enhancement Texture
"[199] ""X2nd_DFT_CoeffMap_Momment_Invariant_4_3D_tumor""",Tumor Enhancement Texture
"[200] ""X1st_DFT_CoeffMap_Momment_Invariant_1_2D_tumorSlice""",Tumor Enhancement Texture
"[201] ""X1st_DFT_CoeffMap_Momment_Invariant_2_2D_tumorSlice""",Tumor Enhancement Texture
"[202] ""X1st_DFT_CoeffMap_Momment_Invariant_3_2D_tumorSlice""",Tumor Enhancement Texture
"[203] ""X1st_DFT_CoeffMap_Momment_Invariant_4_2D_tumorSlice""",Tumor Enhancement Texture
"[204] ""X1st_DFT_CoeffMap_Momment_Invariant_5_2D_tumorSlice""",Tumor Enhancement Texture
"[205] ""X1st_DFT_CoeffMap_Momment_Invariant_6_2D_tumorSlice""",Tumor Enhancement Texture
"[206] ""X1st_DFT_CoeffMap_Momment_Invariant_7_2D_tumorSlice""",Tumor Enhancement Texture
"[207] ""X2nd_DFT_CoeffMap_Momment_Invariant_1_2D_tumorSlice""",Tumor Enhancement Texture
"[208] ""X2nd_DFT_CoeffMap_Momment_Invariant_2_2D_tumorSlice""",Tumor Enhancement Texture
"[209] ""X2nd_DFT_CoeffMap_Momment_Invariant_3_2D_tumorSlice""",Tumor Enhancement Texture
"[210] ""X2nd_DFT_CoeffMap_Momment_Invariant_4_2D_tumorSlice""",Tumor Enhancement Texture
"[211] ""Mean_norm_DHOG_max_timepoint_binsize_2_without_filling_Tumor""",Tumor Enhancement Texture
"[212] ""Mean_norm_DHOG_max_timepoint_binsize_4_without_filling_Tumor""",Tumor Enhancement Texture
"[213] ""Mean_norm_DHOG_max_timepoint_binsize_6_without_filling_Tumor""",Tumor Enhancement Texture
"[214] ""Mean_norm_DHOG_max_timepoint_binsize_8_without_filling_Tumor""",Tumor Enhancement Texture
"[215] ""Mean_norm_DHOG_max_timepoint_binsize_10_without_filling_Tumor""",Tumor Enhancement Texture
"[216] ""Mean_norm_DLBP_max_timepoint_binsize_8_without_filling_Tumor""",Tumor Enhancement Texture
"[217] ""Mean_norm_DLBP_max_timepoint_binsize_16_without_filling_Tumor""",Tumor Enhancement Texture
"[218] ""Mean_norm_DLBP_max_timepoint_binsize_33_without_filling_Tumor""",Tumor Enhancement Texture
"[219] ""Mean_norm_DLBP_max_timepoint_binsize_64_without_filling_Tumor""",Tumor Enhancement Texture
"[220] ""Mean_norm_DLBP_max_timepoint_binsize_128_without_filling_Tumor""",Tumor Enhancement Texture
"[221] ""Mean_norm_DLBP_max_timepoint_binsize_256_without_filling_Tumor""",Tumor Enhancement Texture
"[222] ""Mean_norm_DHOG_max_timepoint_binsize_2_with_filling_Tumor""",Tumor Enhancement Texture
"[223] ""Mean_norm_DHOG_max_timepoint_binsize_4_with_filling_Tumor""",Tumor Enhancement Texture
"[224] ""Mean_norm_DHOG_max_timepoint_binsize_6_with_filling_Tumor""",Tumor Enhancement Texture
"[225] ""Mean_norm_DHOG_max_timepoint_binsize_8_with_filling_Tumor""",Tumor Enhancement Texture
"[226] ""Mean_norm_DHOG_max_timepoint_binsize_10_with_filling_Tumor""",Tumor Enhancement Texture
"[227] ""Mean_norm_DLBP_max_timepoint_binsize_8_with_filling_Tumor""",Tumor Enhancement Texture
"[228] ""Mean_norm_DLBP_max_timepoint_binsize_16_with_filling_Tumor""",Tumor Enhancement Texture
"[229] ""Mean_norm_DLBP_max_timepoint_binsize_33_with_filling_Tumor""",Tumor Enhancement Texture
"[230] ""Mean_norm_DLBP_max_timepoint_binsize_64_with_filling_Tumor""",Tumor Enhancement Texture
"[231] ""Mean_norm_DLBP_max_timepoint_binsize_128_with_filling_Tumor""",Tumor Enhancement Texture
"[232] ""Mean_norm_DLBP_max_timepoint_binsize_256_with_filling_Tumor""",Tumor Enhancement Texture
"[233] ""Autocorrelation_tissue_T1""",FGT Enhancement Texture
"[234] ""Contrast_tissue_T1""",FGT Enhancement Texture
"[235] ""Correlation1_tissue_T1""",FGT Enhancement Texture
"[236] ""Correlation2_tissue_T1""",FGT Enhancement Texture
"[237] ""Cluster_Prominence_tissue_T1""",FGT Enhancement Texture
"[238] ""Cluster_Shade_tissue_T1""",FGT Enhancement Texture
"[239] ""Dissimilarity_tissue_T1""",FGT Enhancement Texture
"[240] ""Energy_tissue_T1""",FGT Enhancement Texture
"[241] ""Entropy_tissue_T1""",FGT Enhancement Texture
"[242] ""Homogeneity1_tissue_T1""",FGT Enhancement Texture
"[243] ""Homogeneity2_tissue_T1""",FGT Enhancement Texture
"[244] ""Max_Probability_tissue_T1""",FGT Enhancement Texture
"[245] ""Sum_of_Squares_variance_tissue_T1""",FGT Enhancement Texture
"[246] ""sum_average_tissue_T1""",FGT Enhancement Texture
"[247] ""sum_variance__tissue_T1""",FGT Enhancement Texture
"[248] ""sum_entropy_tissue_T1""",FGT Enhancement Texture
"[249] ""difference_entropy_tissue_T1""",FGT Enhancement Texture
"[250] ""information_measure_correlation1_tissue_T1""",FGT Enhancement Texture
"[251] ""information_measure_correlation2_tissue_T1""",FGT Enhancement Texture
"[252] ""inverse_difference_is_homom_tissue_T1""",FGT Enhancement Texture
"[253] ""inverse_difference_normalized_tissue_T1""",FGT Enhancement Texture
"[254] ""inverse_difference_moment_normalized_tissue_T1""",FGT Enhancement Texture
"[255] ""Autocorrelation_tissue_PostCon""",FGT Enhancement Texture
"[256] ""Contrast_tissue_PostCon""",FGT Enhancement Texture
"[257] ""Correlation1_tissue_PostCon""",FGT Enhancement Texture
"[258] ""Correlation2_tissue_PostCon""",FGT Enhancement Texture
"[259] ""Cluster_Prominence_tissue_PostCon""",FGT Enhancement Texture
"[260] ""Cluster_Shade_tissue_PostCon""",FGT Enhancement Texture
"[261] ""Dissimilarity_tissue_PostCon""",FGT Enhancement Texture
"[262] ""Energy_tissue_PostCon""",FGT Enhancement Texture
"[263] ""Entropy_tissue_PostCon""",FGT Enhancement Texture
"[264] ""Homogeneity1_tissue_PostCon""",FGT Enhancement Texture
"[265] ""Homogeneity2_tissue_PostCon""",FGT Enhancement Texture
"[266] ""Max_Probability_tissue_PostCon""",FGT Enhancement Texture
"[267] ""Sum_of_Squares_variance_tissue_PostCon""",FGT Enhancement Texture
"[268] ""sum_average_tissue_PostCon""",FGT Enhancement Texture
"[269] ""sum_variance__tissue_PostCon""",FGT Enhancement Texture
"[270] ""sum_entropy_tissue_PostCon""",FGT Enhancement Texture
"[271] ""difference_entropy_tissue_PostCon""",FGT Enhancement Texture
"[272] ""information_measure_correlation1_tissue_PostCon""",FGT Enhancement Texture
"[273] ""information_measure_correlation2_tissue_PostCon""",FGT Enhancement Texture
"[274] ""inverse_difference_is_homom_tissue_PostCon""",FGT Enhancement Texture
"[275] ""inverse_difference_normalized_tissue_PostCon""",FGT Enhancement Texture
"[276] ""inverse_difference_moment_normalized_tissue_PostCon""",FGT Enhancement Texture
"[277] ""Variance_of_Uptake_Tumor""",Tumor Enhancement Variation
"[278] ""Change_in_variance_of_Uptake_Tumor""",Tumor Enhancement Variation
"[279] ""Margin_Gradient_Tumor""",Tumor Enhancement Texture
"[280] ""Variance_of_Margin_Gradient_Tumor""",Tumor Enhancement Texture
"[281] ""Variance_of_RGH_values_Tumor""",Tumor Enhancement Texture
"[282] ""SER_Total_tumor_vol_cu_mm""",Tumor Enhancement
"[283] ""SER_Partial_tumor_vol_cu_mm""",Tumor Enhancement
"[284] ""SER_Washout_tumor_vol_cu_mm""",Tumor Enhancement
"[285] ""Peak_SER_tumor""",Tumor Enhancement
"[286] ""Peak_PE_tumor""",Tumor Enhancement
"[287] ""SER_map_Autocorrelation_tumor""",Tumor Enhancement Texture
"[288] ""SER_map_Contrast_tumor""",Tumor Enhancement Texture
"[289] ""SER_map_Correlation1_tumor""",Tumor Enhancement Texture
"[290] ""SER_map_Correlation2_tumor""",Tumor Enhancement Texture
"[291] ""SER_map_Cluster_Prominence_tumor""",Tumor Enhancement Texture
"[292] ""SER_map_Cluster_Shade_tumor""",Tumor Enhancement Texture
"[293] ""SER_map_Dissimilarity_tumor""",Tumor Enhancement Texture
"[294] ""SER_map_Energy_tumor""",Tumor Enhancement Texture
"[295] ""SER_map_Entropy_tumor""",Tumor Enhancement Texture
"[296] ""SER_map_Homogeneity1_tumor""",Tumor Enhancement Texture
"[297] ""SER_map_Homogeneity2_tumor""",Tumor Enhancement Texture
"[298] ""SER_map_Max_Probability_tumor""",Tumor Enhancement Texture
"[299] ""SER_map_Sum_of_Squares_variance_tumor""",Tumor Enhancement Texture
"[300] ""SER_map_sum_average_tumor""",Tumor Enhancement Texture
"[301] ""SER_map_sum_variance__tumor""",Tumor Enhancement Texture
"[302] ""SER_map_sum_entropy_tumor""",Tumor Enhancement Texture
"[303] ""SER_map_difference_entropy_tumor""",Tumor Enhancement Texture
"[304] ""SER_map_information_measure_correlation1_tumor""",Tumor Enhancement Texture
"[305] ""SER_map_information_measure_correlation2_tumor""",Tumor Enhancement Texture
"[306] ""SER_map_inverse_difference_is_homom_tumor""",Tumor Enhancement Texture
"[307] ""SER_map_inverse_difference_normalized_tumor""",Tumor Enhancement Texture
"[308] ""SER_map_inverse_difference_moment_normalized_tumor""",Tumor Enhancement Texture
"[309] ""SER_map_mean_tumor""",Tumor Enhancement
"[310] ""SER_map_std_dev_tumor""",Tumor Enhancement Variation
"[311] ""SER_map_skewness_tumor""",Tumor Enhancement Variation
"[312] ""SER_map_kurtosis_tumor""",Tumor Enhancement Variation
"[313] ""PE_map_Autocorrelation_tumor""",Tumor Enhancement Texture
"[314] ""PE_map_Contrast_tumor""",Tumor Enhancement Texture
"[315] ""PE_map_Correlation1_tumor""",Tumor Enhancement Texture
"[316] ""PE_map_Correlation2_tumor""",Tumor Enhancement Texture
"[317] ""PE_map_Cluster_Prominence_tumor""",Tumor Enhancement Texture
"[318] ""PE_map_Cluster_Shade_tumor""",Tumor Enhancement Texture
"[319] ""PE_map_Dissimilarity_tumor""",Tumor Enhancement Texture
"[320] ""PE_map_Energy_tumor""",Tumor Enhancement Texture
"[321] ""PE_map_Entropy_tumor""",Tumor Enhancement Texture
"[322] ""PE_map_Homogeneity1_tumor""",Tumor Enhancement Texture
"[323] ""PE_map_Homogeneity2_tumor""",Tumor Enhancement Texture
"[324] ""PE_map_Max_Probability_tumor""",Tumor Enhancement Texture
"[325] ""PE_map_Sum_of_Squares_variance_tumor""",Tumor Enhancement Texture
"[326] ""PE_map_sum_average_tumor""",Tumor Enhancement Texture
"[327] ""PE_map_sum_variance__tumor""",Tumor Enhancement Texture
"[328] ""PE_map_sum_entropy_tumor""",Tumor Enhancement Texture
"[329] ""PE_map_difference_entropy_tumor""",Tumor Enhancement Texture
"[330] ""PE_map_information_measure_correlation1_tumor""",Tumor Enhancement Texture
"[331] ""PE_map_information_measure_correlation2_tumor""",Tumor Enhancement Texture
"[332] ""PE_map_inverse_difference_is_homom_tumor""",Tumor Enhancement Texture
"[333] ""PE_map_inverse_difference_normalized_tumor""",Tumor Enhancement Texture
"[334] ""PE_map_inverse_difference_moment_normalized_tumor""",Tumor Enhancement Texture
"[335] ""PE_map_mean_tumor""",Tumor Enhancement
"[336] ""PE_map_std_dev_tumor""",Tumor Enhancement Variation
"[337] ""PE_map_skewness_tumor""",Tumor Enhancement Variation
"[338] ""PE_map_kurtosis_tumor""",Tumor Enhancement Variation
"[339] ""WashinRate_map_Autocorrelation_tumor""",Tumor Enhancement Texture
"[340] ""WashinRate_map_Contrast_tumor""",Tumor Enhancement Texture
"[341] ""WashinRate_map_Correlation1_tumor""",Tumor Enhancement Texture
"[342] ""WashinRate_map_Correlation2_tumor""",Tumor Enhancement Texture
"[343] ""WashinRate_map_Cluster_Prominence_tumor""",Tumor Enhancement Texture
"[344] ""WashinRate_map_Cluster_Shade_tumor""",Tumor Enhancement Texture
"[345] ""WashinRate_map_Dissimilarity_tumor""",Tumor Enhancement Texture
"[346] ""WashinRate_map_Energy_tumor""",Tumor Enhancement Texture
"[347] ""WashinRate_map_Entropy_tumor""",Tumor Enhancement Texture
"[348] ""WashinRate_map_Homogeneity1_tumor""",Tumor Enhancement Texture
"[349] ""WashinRate_map_Homogeneity2_tumor""",Tumor Enhancement Texture
"[350] ""WashinRate_map_Max_Probability_tumor""",Tumor Enhancement Texture
"[351] ""WashinRate_map_Sum_of_Squares_variance_tumor""",Tumor Enhancement Texture
"[352] ""WashinRate_map_sum_average_tumor""",Tumor Enhancement Texture
"[353] ""WashinRate_map_sum_variance__tumor""",Tumor Enhancement Texture
"[354] ""WashinRate_map_sum_entropy_tumor""",Tumor Enhancement Texture
"[355] ""WashinRate_map_difference_entropy_tumor""",Tumor Enhancement Texture
"[356] ""WashinRate_map_information_measure_correlation1_tumor""",Tumor Enhancement Texture
"[357] ""WashinRate_map_information_measure_correlation2_tumor""",Tumor Enhancement Texture
"[358] ""WashinRate_map_inverse_difference_is_homom_tumor""",Tumor Enhancement Texture
"[359] ""WashinRate_map_inverse_difference_normalized_tumor""",Tumor Enhancement Texture
"[360] ""WashinRate_map_inverse_difference_moment_normalized_tumor""",Tumor Enhancement Texture
"[361] ""WashinRate_map_mean_tumor""",Tumor Enhancement
"[362] ""WashinRate_map_std_dev_tumor""",Tumor Enhancement Variation
"[363] ""WashinRate_map_skewness_tumor""",Tumor Enhancement Variation
"[364] ""WashinRate_map_kurtosis_tumor""",Tumor Enhancement Variation
"[365] ""SER_Total_tissue_vol_cu_mm_T1""",FGT Enhancement
"[366] ""SER_Partial_tissue_vol_cu_mm_T1""",FGT Enhancement
"[367] ""SER_Washout_tissue_vol_cu_mm_T1""",FGT Enhancement
"[368] ""Peak_SER_tissue_T1""",FGT Enhancement
"[369] ""Peak_PE_tissue_T1""",FGT Enhancement
"[370] ""SER_map_Autocorrelation_tissue_T1""",FGT Enhancement Texture
"[371] ""SER_map_Contrast_tissue_T1""",FGT Enhancement Texture
"[372] ""SER_map_Correlation1_tissue_T1""",FGT Enhancement Texture
"[373] ""SER_map_Correlation2_tissue_T1""",FGT Enhancement Texture
"[374] ""SER_map_Cluster_Prominence_tissue_T1""",FGT Enhancement Texture
"[375] ""SER_map_Cluster_Shade_tissue_T1""",FGT Enhancement Texture
"[376] ""SER_map_Dissimilarity_tissue_T1""",FGT Enhancement Texture
"[377] ""SER_map_Energy_tissue_T1""",FGT Enhancement Texture
"[378] ""SER_map_Entropy_tissue_T1""",FGT Enhancement Texture
"[379] ""SER_map_Homogeneity1_tissue_T1""",FGT Enhancement Texture
"[380] ""SER_map_Homogeneity2_tissue_T1""",FGT Enhancement Texture
"[381] ""SER_map_Max_Probability_tissue_T1""",FGT Enhancement Texture
"[382] ""SER_map_Sum_of_Squares_variance_tissue_T1""",FGT Enhancement Texture
"[383] ""SER_map_sum_average_tissue_T1""",FGT Enhancement Texture
"[384] ""SER_map_sum_variance__tissue_T1""",FGT Enhancement Texture
"[385] ""SER_map_sum_entropy_tissue_T1""",FGT Enhancement Texture
"[386] ""SER_map_difference_entropy_tissue_T1""",FGT Enhancement Texture
"[387] ""SER_map_information_measure_correlation1_tissue_T1""",FGT Enhancement Texture
"[388] ""SER_map_information_measure_correlation2_tissue_T1""",FGT Enhancement Texture
"[389] ""SER_map_inverse_difference_is_homom_tissue_T1""",FGT Enhancement Texture
"[390] ""SER_map_inverse_difference_normalized_tissue_T1""",FGT Enhancement Texture
"[391] ""SER_map_inverse_difference_moment_normalized_tissue_T1""",FGT Enhancement Texture
"[392] ""SER_map_mean_tissue_T1""",FGT Enhancement
"[393] ""SER_map_std_dev_tissue_T1""",FGT Enhancement Variation
"[394] ""SER_map_skewness_tissue_T1""",FGT Enhancement Variation
"[395] ""SER_map_kurtosis_tissue_T1""",FGT Enhancement Variation
"[396] ""PE_map_Autocorrelation_tissue_T1""",FGT Enhancement Texture
"[397] ""PE_map_Contrast_tissue_T1""",FGT Enhancement Texture
"[398] ""PE_map_Correlation1_tissue_T1""",FGT Enhancement Texture
"[399] ""PE_map_Correlation2_tissue_T1""",FGT Enhancement Texture
"[400] ""PE_map_Cluster_Prominence_tissue_T1""",FGT Enhancement Texture
"[401] ""PE_map_Cluster_Shade_tissue_T1""",FGT Enhancement Texture
"[402] ""PE_map_Dissimilarity_tissue_T1""",FGT Enhancement Texture
"[403] ""PE_map_Energy_tissue_T1""",FGT Enhancement Texture
"[404] ""PE_map_Entropy_tissue_T1""",FGT Enhancement Texture
"[405] ""PE_map_Homogeneity1_tissue_T1""",FGT Enhancement Texture
"[406] ""PE_map_Homogeneity2_tissue_T1""",FGT Enhancement Texture
"[407] ""PE_map_Max_Probability_tissue_T1""",FGT Enhancement Texture
"[408] ""PE_map_Sum_of_Squares_variance_tissue_T1""",FGT Enhancement Texture
"[409] ""PE_map_sum_average_tissue_T1""",FGT Enhancement Texture
"[410] ""PE_map_sum_variance__tissue_T1""",FGT Enhancement Texture
"[411] ""PE_map_sum_entropy_tissue_T1""",FGT Enhancement Texture
"[412] ""PE_map_difference_entropy_tissue_T1""",FGT Enhancement Texture
"[413] ""PE_map_information_measure_correlation1_tissue_T1""",FGT Enhancement Texture
"[414] ""PE_map_information_measure_correlation2_tissue_T1""",FGT Enhancement Texture
"[415] ""PE_map_inverse_difference_is_homom_tissue_T1""",FGT Enhancement Texture
"[416] ""PE_map_inverse_difference_normalized_tissue_T1""",FGT Enhancement Texture
"[417] ""PE_map_inverse_difference_moment_normalized_tissue_T1""",FGT Enhancement Texture
"[418] ""PE_map_mean_tissue_T1""",FGT Enhancement
"[419] ""PE_map_std_dev_tissue_T1""",FGT Enhancement Variation
"[420] ""PE_map_skewness_tissue_T1""",FGT Enhancement Variation
"[421] ""PE_map_kurtosis_tissue_T1""",FGT Enhancement Variation
"[422] ""WashinRate_map_Autocorrelation_tissue_T1""",FGT Enhancement Texture
"[423] ""WashinRate_map_Contrast_tissue_T1""",FGT Enhancement Texture
"[424] ""WashinRate_map_Correlation1_tissue_T1""",FGT Enhancement Texture
"[425] ""WashinRate_map_Correlation2_tissue_T1""",FGT Enhancement Texture
"[426] ""WashinRate_map_Cluster_Prominence_tissue_T1""",FGT Enhancement Texture
"[427] ""WashinRate_map_Cluster_Shade_tissue_T1""",FGT Enhancement Texture
"[428] ""WashinRate_map_Dissimilarity_tissue_T1""",FGT Enhancement Texture
"[429] ""WashinRate_map_Energy_tissue_T1""",FGT Enhancement Texture
"[430] ""WashinRate_map_Entropy_tissue_T1""",FGT Enhancement Texture
"[431] ""WashinRate_map_Homogeneity1_tissue_T1""",FGT Enhancement Texture
"[432] ""WashinRate_map_Homogeneity2_tissue_T1""",FGT Enhancement Texture
"[433] ""WashinRate_map_Max_Probability_tissue_T1""",FGT Enhancement Texture
"[434] ""WashinRate_map_Sum_of_Squares_variance_tissue_T1""",FGT Enhancement Texture
"[435] ""WashinRate_map_sum_average_tissue_T1""",FGT Enhancement Texture
"[436] ""WashinRate_map_sum_variance__tissue_T1""",FGT Enhancement Texture
"[437] ""WashinRate_map_sum_entropy_tissue_T1""",FGT Enhancement Texture
"[438] ""WashinRate_map_difference_entropy_tissue_T1""",FGT Enhancement Texture
"[439] ""WashinRate_map_information_measure_correlation1_tissue_T1""",FGT Enhancement Texture
"[440] ""WashinRate_map_information_measure_correlation2_tissue_T1""",FGT Enhancement Texture
"[441] ""WashinRate_map_inverse_difference_is_homom_tissue_T1""",FGT Enhancement Texture
"[442] ""WashinRate_map_inverse_difference_normalized_tissue_T1""",FGT Enhancement Texture
"[443] ""WashinRate_map_inverse_difference_moment_normalized_tissue_T1""",FGT Enhancement Texture
"[444] ""WashinRate_map_mean_tissue_T1""",FGT Enhancement
"[445] ""WashinRate_map_std_dev_tissue_T1""",FGT Enhancement Variation
"[446] ""WashinRate_map_skewness_tissue_T1""",FGT Enhancement Variation
"[447] ""WashinRate_map_kurtosis_tissue_T1""",FGT Enhancement Variation
"[448] ""SER_Total_tissue_vol_cu_mm_PostCon""",FGT Enhancement
"[449] ""SER_Partial_tissue_vol_cu_mm_PostCon""",FGT Enhancement
"[450] ""SER_Washout_tissue_vol_cu_mm_PostCon""",FGT Enhancement
"[451] ""Peak_SER_tissue_PostCon""",FGT Enhancement
"[452] ""Peak_PE_tissue_PostCon""",FGT Enhancement
"[453] ""SER_map_Autocorrelation_tissue_PostCon""",FGT Enhancement Texture
"[454] ""SER_map_Contrast_tissue_PostCon""",FGT Enhancement Texture
"[455] ""SER_map_Correlation1_tissue_PostCon""",FGT Enhancement Texture
"[456] ""SER_map_Correlation2_tissue_PostCon""",FGT Enhancement Texture
"[457] ""SER_map_Cluster_Prominence_tissue_PostCon""",FGT Enhancement Texture
"[458] ""SER_map_Cluster_Shade_tissue_PostCon""",FGT Enhancement Texture
"[459] ""SER_map_Dissimilarity_tissue_PostCon""",FGT Enhancement Texture
"[460] ""SER_map_Energy_tissue_PostCon""",FGT Enhancement Texture
"[461] ""SER_map_Entropy_tissue_PostCon""",FGT Enhancement Texture
"[462] ""SER_map_Homogeneity1_tissue_PostCon""",FGT Enhancement Texture
"[463] ""SER_map_Homogeneity2_tissue_PostCon""",FGT Enhancement Texture
"[464] ""SER_map_Max_Probability_tissue_PostCon""",FGT Enhancement Texture
"[465] ""SER_map_Sum_of_Squares_variance_tissue_PostCon""",FGT Enhancement Texture
"[466] ""SER_map_sum_average_tissue_PostCon""",FGT Enhancement Texture
"[467] ""SER_map_sum_variance__tissue_PostCon""",FGT Enhancement Texture
"[468] ""SER_map_sum_entropy_tissue_PostCon""",FGT Enhancement Texture
"[469] ""SER_map_difference_entropy_tissue_PostCon""",FGT Enhancement Texture
"[470] ""SER_map_information_measure_correlation1_tissue_PostCon""",FGT Enhancement Texture
"[471] ""SER_map_information_measure_correlation2_tissue_PostCon""",FGT Enhancement Texture
"[472] ""SER_map_inverse_difference_is_homom_tissue_PostCon""",FGT Enhancement Texture
"[473] ""SER_map_inverse_difference_normalized_tissue_PostCon""",FGT Enhancement Texture
"[474] ""SER_map_inverse_difference_moment_normalized_tissue_PostCon""",FGT Enhancement Texture
"[475] ""SER_map_mean_tissue_PostCon""",FGT Enhancement
"[476] ""SER_map_std_dev_tissue_PostCon""",FGT Enhancement Variation
"[477] ""SER_map_skewness_tissue_PostCon""",FGT Enhancement Variation
"[478] ""SER_map_kurtosis_tissue_PostCon""",FGT Enhancement Variation
"[479] ""PE_map_Autocorrelation_tissue_PostCon""",FGT Enhancement Texture
"[480] ""PE_map_Contrast_tissue_PostCon""",FGT Enhancement Texture
"[481] ""PE_map_Correlation1_tissue_PostCon""",FGT Enhancement Texture
"[482] ""PE_map_Correlation2_tissue_PostCon""",FGT Enhancement Texture
"[483] ""PE_map_Cluster_Prominence_tissue_PostCon""",FGT Enhancement Texture
"[484] ""PE_map_Cluster_Shade_tissue_PostCon""",FGT Enhancement Texture
"[485] ""PE_map_Dissimilarity_tissue_PostCon""",FGT Enhancement Texture
"[486] ""PE_map_Energy_tissue_PostCon""",FGT Enhancement Texture
"[487] ""PE_map_Entropy_tissue_PostCon""",FGT Enhancement Texture
"[488] ""PE_map_Homogeneity1_tissue_PostCon""",FGT Enhancement Texture
"[489] ""PE_map_Homogeneity2_tissue_PostCon""",FGT Enhancement Texture
"[490] ""PE_map_Max_Probability_tissue_PostCon""",FGT Enhancement Texture
"[491] ""PE_map_Sum_of_Squares_variance_tissue_PostCon""",FGT Enhancement Texture
"[492] ""PE_map_sum_average_tissue_PostCon""",FGT Enhancement Texture
"[493] ""PE_map_sum_variance__tissue_PostCon""",FGT Enhancement Texture
"[494] ""PE_map_sum_entropy_tissue_PostCon""",FGT Enhancement Texture
"[495] ""PE_map_difference_entropy_tissue_PostCon""",FGT Enhancement Texture
"[496] ""PE_map_information_measure_correlation1_tissue_PostCon""",FGT Enhancement Texture
"[497] ""PE_map_information_measure_correlation2_tissue_PostCon""",FGT Enhancement Texture
"[498] ""PE_map_inverse_difference_is_homom_tissue_PostCon""",FGT Enhancement Texture
"[499] ""PE_map_inverse_difference_normalized_tissue_PostCon""",FGT Enhancement Texture
"[500] ""PE_map_inverse_difference_moment_normalized_tissue_PostCon""",FGT Enhancement Texture
"[501] ""PE_map_mean_tissue_PostCon""",FGT Enhancement
"[502] ""PE_map_std_dev_tissue_PostCon""",FGT Enhancement Variation
"[503] ""PE_map_skewness_tissue_PostCon""",FGT Enhancement Variation
"[504] ""PE_map_kurtosis_tissue_PostCon""",FGT Enhancement Variation
"[505] ""WashinRate_map_Autocorrelation_tissue_PostCon""",FGT Enhancement Texture
"[506] ""WashinRate_map_Contrast_tissue_PostCon""",FGT Enhancement Texture
"[507] ""WashinRate_map_Correlation1_tissue_PostCon""",FGT Enhancement Texture
"[508] ""WashinRate_map_Correlation2_tissue_PostCon""",FGT Enhancement Texture
"[509] ""WashinRate_map_Cluster_Prominence_tissue_PostCon""",FGT Enhancement Texture
"[510] ""WashinRate_map_Cluster_Shade_tissue_PostCon""",FGT Enhancement Texture
"[511] ""WashinRate_map_Dissimilarity_tissue_PostCon""",FGT Enhancement Texture
"[512] ""WashinRate_map_Energy_tissue_PostCon""",FGT Enhancement Texture
"[513] ""WashinRate_map_Entropy_tissue_PostCon""",FGT Enhancement Texture
"[514] ""WashinRate_map_Homogeneity1_tissue_PostCon""",FGT Enhancement Texture
"[515] ""WashinRate_map_Homogeneity2_tissue_PostCon""",FGT Enhancement Texture
"[516] ""WashinRate_map_Max_Probability_tissue_PostCon""",FGT Enhancement Texture
"[517] ""WashinRate_map_Sum_of_Squares_variance_tissue_PostCon""",FGT Enhancement Texture
"[518] ""WashinRate_map_sum_average_tissue_PostCon""",FGT Enhancement Texture
"[519] ""WashinRate_map_sum_variance__tissue_PostCon""",FGT Enhancement Texture
"[520] ""WashinRate_map_sum_entropy_tissue_PostCon""",FGT Enhancement Texture
"[521] ""WashinRate_map_difference_entropy_tissue_PostCon""",FGT Enhancement Texture
"[522] ""WashinRate_map_information_measure_correlation1_tissue_PostCon""",FGT Enhancement Texture
"[523] ""WashinRate_map_information_measure_correlation2_tissue_PostCon""",FGT Enhancement Texture
"[524] ""WashinRate_map_inverse_difference_is_homom_tissue_PostCon""",FGT Enhancement Texture
"[525] ""WashinRate_map_inverse_difference_normalized_tissue_PostCon""",FGT Enhancement Texture
"[526] ""WashinRate_map_inverse_difference_moment_normalized_tissue_PostCon""",FGT Enhancement Texture
"[527] ""WashinRate_map_mean_tissue_PostCon""",FGT Enhancement
"[528] ""WashinRate_map_std_dev_tissue_PostCon""",FGT Enhancement Variation
"[529] ""WashinRate_map_skewness_tissue_PostCon""",FGT Enhancement Variation
"[530] ""WashinRate_map_kurtosis_tissue_PostCon""",FGT Enhancement Variation